<Configs>
	<append xpath="/blocks">
		
	<!--Admin Turret by thefirefoxflow-->	
		
		<block name="autoAdminTurret"> 
		
			<property name="Extends" value="autoTurret"/>
			<property name="CustomIcon" value="autoTurret"/>
			<property name="CustomIconTint" value="0,166,123"/>
			
			<property name="CreativeMode" value="Dev"/>
			
			<property name="AmmoItem" value="adminBullet"/>
			
			<property name="TurnSpeed" value="3.5"/>
			<property name="MaxDistance" value="50"/>
			<property name="EntityDamage" value="100000"/> 
			<property name="BlockDamage" value="0"/>
			<property name="RaySpread" value="0.2"/> 
			
			<property name="YawRange" value="360"/>
			<property name="PitchRange" value="360"/>

			<property name="BurstRoundCount" value="1000"/>
			<property name="BurstFireRate" value="0.06"/>
			<property name="CooldownTime" value="0.5"/>
			<property name="OvershootTime" value="0.4"/>
			<property name="FallAsleepTime" value="10"/>
			<property name="WakeUpTime" value="0.1"/>
		
			<property name="FireSound" value="m60_fire"/>
			<property name="RequiredPower" value="0"/>

			<property class="RepairItems">
			<property name="resourceForgedSteel" value="1"/>
			</property>
		
			<property name="EconomicValue" value="3100000"/>
		</block>
	</append>
</Configs>

