<Configs>
	<append xpath="/items">
		
	<!--Admin Turret ammo by thefirefoxflow-->	
		
		<item name="adminBullet">
			<property name="Tags" value="ammo"/>
			<property name="CustomIcon" value="modGunMeleeNiCdBattery"/><property name="CustomIconTint" value="a0a0ff"/>
			<property name="CreativeMode" value="Dev"/>
			<property name="DisplayType" value="ammoBullet"/>
			<property name="HoldType" value="45"/>
			<property name="Meshfile" value="#Other/Items?Misc/sackPrefab.prefab"/>
			<property name="DropMeshfile" value="#Other/Items?Misc/sack_droppedPrefab.prefab"/>
			<property name="Material" value="Mbrass"/>
			<property name="MeltTimePerUnit" value="500"/>
			<property name="Stacknumber" value="9999999"/> <!-- STK ammo high -->
			<property name="EconomicValue" value="1000000"/>
			<property name="Group" value="Ammo/Weapons,Ammo,Ranged Weapons"/>
			<effect_group name="ammo9mmBulletBall" tiered="false">
				<passive_effect name="EntityDamage" operation="base_set" value="1000000" tags="perkGunslinger,9mmGun"/>
				<passive_effect name="BlockDamage" operation="base_set" value="0" tags="perkGunslinger"/>
				<passive_effect name="DamageModifier" operation="perc_add" value="-.0" tags="earth"/>
				<passive_effect name="DamageModifier" operation="perc_add" value="0" tags="wood"/>
			</effect_group>
		</item>
	</append>


</Configs>